nest_id,site,box,lon,lat,easting,northing,elevation
BAD NB1,BAD,1,-3.446229,56.122492,310186.8192,693137.1413,180.516052
BAD NB2,BAD,2,-3.445569,56.122305,310227.4119,693115.4702,175.36792
BAD NB3,BAD,3,-3.44533,56.121981,310241.5139,693079.1011,174.354538
BAD NB4,BAD,4,-3.444778,56.121584,310274.904,693034.2004,176.346283
BAD NB5,BAD,5,-3.44428,56.121226,310305.0287,692993.7105,176.868988
BAD NB6,BAD,6,-3.44411,56.120633,310314.2155,692927.4947,169.337936
BIR NB1,BIR,1,-3.530994,56.537075,305943.9393,739390.3237,98.662056
BIR NB2,BIR,2,-3.531761,56.537094,305896.821,739393.4904,101.067307
BIR NB3,BIR,3,-3.532375,56.537213,305859.3598,739407.5771,101.452271
BIR NB4,BIR,4,-3.535662,56.537209,305657.2219,739411.6484,78.462479
BIR NB5,BIR,5,-3.536128,56.536994,305628.0307,739388.3612,86.819672
BIR NB6,BIR,6,-3.53665,56.536813,305595.4803,739368.9352,95.273117
BIR NB8,BIR,8,-3.536722,56.536417,305590.0662,739324.9616,95.947166
BIR NB9,BIR,9,-3.53635,56.53725,303139.04,739417.16,84
BLA NB1,BLA,1,-3.849209,56.761182,287049.158,764812.8029,160.849899
BLA NB2,BLA,2,-3.849413,56.760789,287035.507,764769.4022,169.566879
BLA NB3,BLA,3,-3.849611,56.76059,287022.8058,764747.5822,176.674866
BLA NB4,BLA,4,-3.849754,56.760294,287013.1747,764714.8761,184.100098
BLA NB5,BLA,5,-3.849839,56.759976,287007.0228,764679.6259,192.72345
BLA NB6,BLA,6,-3.849695,56.75959,287014.6647,764636.4297,206.000961
BLA NB7,BLA,7,-3.848901,56.759596,287063.2185,764635.7866,202.893051
BLA NB8,BLA,8,-3.848989,56.761529,287063.6485,764851.0578,153.503418
BLG NB1,BLG,1,-3.664306,56.650073,298051.3175,752156.9727,80.490005
BLG NB2,BLG,2,-3.663579,56.649852,298095.292,752131.2951,94.03933
BLG NB3,BLG,3,-3.663728,56.649637,298085.5763,752107.5886,83.137527
BLG NB4,BLG,4,-3.662844,56.649367,298139.0449,752076.2244,94.950531
BLG NB5,BLG,5,-3.66211,56.649189,298183.5659,752055.3229,84.63662
BLG NB6,BLG,6,-3.662148,56.648829,298180.2648,752015.3136,82.068878
BLG NB7,BLG,7,-3.6649,56.650106,298014.9895,752161.5296,75.606674
BLG NB8,BLG,8,-3.665378,56.65013,297985.7489,752164.9124,73.260376
CAL NB1,CAL,1,-3.971685,56.770569,279592.9315,766066.3517,196.760254
CAL NB2,CAL,2,-3.972081,56.770415,279568.2388,766049.9104,190.60408
CAL NB3,CAL,3,-3.972214,56.770734,279561.134,766085.6454,196.449112
CAL NB4,CAL,4,-3.972558,56.770411,279539.077,766050.305,185.231567
CAL NB5,CAL,5,-3.972998,56.770894,279513.7383,766104.832,193.465912
CAL NB6,CAL,6,-3.973327,56.770516,279492.4212,766063.3445,181.090576
CAL NB7,CAL,7,-3.973499,56.771012,279483.5017,766118.8465,195.017212
CAL NB8,CAL,8,-3.973854,56.770778,279461.0576,766093.4304,191.467926
CRU NB1,CRU,1,-4.180411,56.992999,267627.7391,791206.063,295.321655
CRU NB2,CRU,2,-4.180415,56.992665,267626.3092,791168.9014,293.712677
CRU NB3,CRU,3,-4.180487,56.992259,267620.4929,791123.859,298.310089
CRU NB4,CRU,4,-4.180689,56.991842,267606.7404,791077.8447,298.53656
CRU NB5,CRU,5,-4.180788,56.991453,267599.3441,791034.7466,298.699707
CRU NB6,CRU,6,-4.180918,56.990963,267589.7055,790980.4688,296.90921
CRU NB7,CRU,7,-4.180231,56.993375,267640.009,791247.5574,290.888489
CRU NB8,CRU,8,-4.180018,56.993648,267653.9171,791277.5253,288.249664
DLW NB1,DLW,1,-4.23889,56.921656,263815.3423,783381.7214,373.461517
DLW NB2,DLW,2,-4.238397,56.921398,263844.405,783352.0275,371.853149
DLW NB3,DLW,3,-4.238358,56.920929,263845.069,783299.7581,377.397705
DLW NB4,DLW,4,-4.238133,56.920367,263856.7141,783236.7686,380.203766
DLW NB5,DLW,5,-4.237994,56.920024,263863.9237,783198.3215,382.495117
DLW NB6,DLW,6,-4.2375,56.919549,263892.2583,783144.4776,381.16156
DNC NB2,DNC,2,-4.138492,56.81726,269562.1615,771568.3052,372.233917
DNC NB3,DNC,3,-4.135627,56.816651,269734.8973,771495.0716,367.936584
DNC NB4,DNC,4,-4.133103,56.815939,269886.4697,771411.0317,367.766235
DNC NB5,DNC,5,-4.132304,56.815614,269934.1074,771373.3442,364.269531
DNC NB6,DNC,6,-4.130918,56.815081,270016.8516,771311.3942,348.387054
DNC NB7,DNC,7,-4.129985,56.81487,270073.0652,771286.1401,349.921936
DNC NB8,DNC,8,-4.129083,56.814772,270127.7786,771273.5207,351.98288
DNC NB9,DNC,9,-4.127841,56.813964,270200.7869,771181.2447,349.198517
DNM NB1,DNM,1,-4.038391,56.800341,275615.3255,769498.964,260.576263
DNM NB2,DNM,2,-4.035695,56.799117,275775.8892,769357.8489,258.842377
DNM NB3,DNM,3,-4.034366,56.798893,275856.2985,769330.5075,258.019867
DNM NB4,DNM,4,-4.03336,56.798365,275915.9806,769269.9224,256.100555
DNM NB5,DNM,5,-4.032342,56.798007,275976.9591,769228.2352,254.519073
DNM NB6,DNM,6,-4.031163,56.797688,276047.8988,769190.5973,251.59938
DNM NB7,DNM,7,-4.030223,56.797393,276104.3247,769156.0644,251.547638
DNM NB8,DNM,8,-4.029745,56.797179,276132.807,769131.3832,250.063553
DNS NB1,DNS,1,-4.221002,56.830722,264575.2588,773226.8109,437.718048
DNS NB2,DNS,2,-4.221378,56.83126,264554.2644,773287.4255,441.621735
DNS NB3,DNS,3,-4.222606,56.831938,264481.8005,773365.3081,444.388794
DNS NB4,DNS,4,-4.223365,56.832202,264436.4527,773396.1913,446.311401
DOW NB1,DOW,1,-3.422778,56.162499,311736.4976,697559.2131,120.723534
DOW NB2,DOW,2,-3.423479,56.16246,311692.8755,697555.7713,122.618927
DOW NB3,DOW,3,-3.424085,56.162429,311655.1714,697553.0984,123.75695
DOW NB4,DOW,4,-3.424932,56.162449,311602.6182,697556.4108,124.454216
DOW NB5,DOW,5,-3.423118,56.162016,311714.274,697505.8955,130.485565
DOW NB6,DOW,6,-3.423643,56.161951,311681.5215,697499.3347,132.648926
DOW NB7,DOW,7,-3.424345,56.161947,311637.9172,697499.7898,130.491714
DOW NB8,DOW,8,-3.424841,56.162177,311607.6438,697526.023,127.823883
DUN NB1,DUN,1,-3.615639,56.570616,300826.7411,743242.4985,116.338669
DUN NB2,DUN,2,-3.616126,56.570567,300796.6923,743237.7496,110.028656
DUN NB3,DUN,3,-3.615992,56.571121,300806.3769,743299.2124,110.816849
DUN NB4,DUN,4,-3.616572,56.570991,300770.4026,743285.5835,100.49305
DUN NB5,DUN,5,-3.616859,56.571512,300754.1362,743343.9828,93.267883
DUN NB6,DUN,6,-3.616175,56.57143,300795.9439,743333.8669,108.203629
DUN NB7,DUN,7,-3.616676,56.57044,300762.5684,743224.4113,102.762497
DUN NB8,DUN,8,-3.617274,56.570356,300725.608,743215.9283,90.515671
EDI NB1,EDI,1,-3.398106,55.978135,312853.0697,677010.1131,57.553535
EDI NB2,EDI,2,-3.398819,55.978098,312808.4966,677006.8958,56.93882
EDI NB3,EDI,3,-3.399227,55.977776,312782.3126,676971.5766,57.447006
EDI NB4,EDI,4,-3.399831,55.977619,312744.27,676954.8677,57.10125
EDI NB5,EDI,5,-3.400584,55.977732,312697.5386,676968.3953,51.458504
EDI NB6,EDI,6,-3.401289,55.977538,312653.1098,676947.6973,53.499237
EDI NB7,EDI,7,-3.401974,55.977592,312610.4885,676954.5738,53.317661
EDI NB8,EDI,8,-3.402654,55.977605,312568.0867,676956.8816,53.064293
FOF NB1,FOF,1,-3.382776,56.056648,313984.556,685728.481,99.203079
FOF NB2,FOF,2,-3.382687,56.056942,313990.7535,685761.0891,97.862473
FOF NB3,FOF,3,-3.382521,56.057378,314002.0622,685809.4043,97.135117
FOF NB4,FOF,4,-3.38188,56.057198,314041.5765,685788.5731,105.363136
FOF NB5,FOF,5,-3.381967,56.056846,314035.3748,685749.5076,112.059525
FOF NB6,FOF,6,-3.382027,56.056477,314030.8165,685708.5166,116.034805
FOF NB7,FOF,7,-3.381464,56.057399,314067.9288,685810.4238,102.007156
FOF NB8,FOF,8,-3.380906,56.057141,314102.1013,685781.016,108.394104
GLF NB1,GLF,1,-3.358052,56.301575,316061.1262,712956.3288,91.764114
GLF NB2,GLF,2,-3.358529,56.301932,316032.3952,712996.6431,94.388374
GLF NB3,GLF,3,-3.359363,56.30184,315980.5886,712987.4228,111.070534
GLF NB4,GLF,4,-3.359676,56.301641,315960.784,712965.6577,112.851532
GLF NB5,GLF,5,-3.359523,56.301232,315969.3521,712919.9515,119.55217
GLF NB6,GLF,6,-3.358746,56.301057,316017.0461,712899.5258,111.577858
GLF NB7,GLF,7,-3.360493,56.30182,315910.6247,712986.5781,104.688553
GLF NB8,GLF,8,-3.360298,56.301547,315922.0902,712955.9564,115.329651
KBC NB1,KBC,1,-3.17382,55.924361,326746.67,670765.11,
KBC NB2,KBC,2,-3.17488,55.924334,326680.38,670763.23,
KBC NB3,KBC,3,-3.179359,55.923526,326398.97,670678.07,
KBC NB4,KBC,4,-3.179408,55.921882,326392.79,670495.16,
KBC NB5,KBC,5,-3.175602,55.921181,326629.3,670413.1,
KBC NB6,KBC,6,-3.173483,55.92207,326763.4,670509.79,
KCK NB1,KCK,1,-3.774276,56.731635,291544.3236,761403.2366,108.710999
KCK NB2,KCK,2,-3.774429,56.73109,291533.3925,761342.8246,114.766525
KCK NB3,KCK,3,-3.774463,56.730831,291530.5658,761314.0537,113.136406
KCK NB4,KCK,4,-3.774716,56.730418,291513.8974,761268.4909,105.739929
KCK NB5,KCK,5,-3.774853,56.730212,291504.9221,761245.7818,107.150925
KCK NB6,KCK,6,-3.774891,56.729837,291501.516,761204.1073,113.108864
KCK NB7,KCK,7,-3.774796,56.729533,291506.4512,761170.1238,116.49321
KCK NB8,KCK,8,-3.774928,56.729105,291497.1414,761122.6998,108.917603
KCZ NB1,KCZ,1,-3.777087,56.730535,291369.1856,761285.2729,140.077133
KCZ NB2,KCZ,2,-3.77766,56.730671,291334.5243,761301.3183,147.160233
KCZ NB3,KCZ,3,-3.777645,56.731035,291336.4933,761341.8049,154.139496
KCZ NB4,KCZ,4,-3.776788,56.730966,291388.7216,761332.7654,146.690948
KCZ NB5,KCZ,5,-3.776626,56.73071,291397.893,761304.0175,130.02124
KCZ NB6,KCZ,6,-3.776153,56.730433,291426.0299,761272.439,117.127686
KCZ NB7,KCZ,7,-3.777421,56.730194,291347.7679,761247.8523,148.395401
KCZ NB8,KCZ,8,-3.777163,56.729795,291362.3994,761203.037,143.026764
LVN NB1,LVN,1,-3.356342,56.17478,315889.1123,698842.8453,129.152298
LVN NB2,LVN,2,-3.355856,56.174593,315918.8745,698821.4402,134.145142
LVN NB3,LVN,3,-3.355209,56.174352,315958.5141,698793.8291,137.932617
LVN NB4,LVN,4,-3.35431,56.174278,316014.1641,698784.4968,147.916016
LVN NB5,LVN,5,-3.354259,56.174623,316018.0844,698822.8303,145.690155
LVN NB6,LVN,6,-3.354999,56.174992,315972.9512,698864.7997,135.311249
LVN NB7,LVN,7,-3.354799,56.175352,315986.1547,698904.6208,135.425018
LVN NB8,LVN,8,-3.355617,56.175285,315935.2263,698898.1625,128.687332
MCH NB1,MCH,1,-3.373418,56.35741,315234.3487,719189.3069,50.954136
MCH NB2,MCH,2,-3.374125,56.357381,315190.6015,719186.9516,50.757889
MCH NB3,MCH,3,-3.374677,56.357423,315156.589,719192.3074,48.526222
MCH NB4,MCH,4,-3.375488,56.357494,315106.6386,719201.2108,44.860031
MCH NB5,MCH,5,-3.376238,56.357603,315060.5419,719214.2687,41.748688
MCH NB6,MCH,6,-3.376827,56.357529,315023.9853,719206.7611,39.893295
NEW NB1,NEW,1,-4.130714,57.054511,270860.1985,797956.295,246.830078
NEW NB2,NEW,2,-4.131352,57.054124,270820.1626,797914.4348,233.733261
NEW NB3,NEW,3,-4.131674,57.053845,270799.6652,797883.9954,232.174362
NEW NB4,NEW,4,-4.132152,57.053425,270769.2165,797838.16,230.005508
NEW NB5,NEW,5,-4.132364,57.053063,270755.1007,797798.2755,228.675629
NEW NB6,NEW,6,-4.132556,57.052626,270741.9367,797750.0065,226.842148
NEW NB7,NEW,7,-4.13089,57.054027,270847.8432,797902.7648,243.603394
NEW NB8,NEW,8,-4.132748,57.052175,270728.7238,797700.1795,230.858734
PIT NB1,PIT,1,-3.681226,56.680148,297096.0723,755529.4392,140.664108
PIT NB2,PIT,2,-3.680795,56.680302,297122.8954,755545.9309,146.762024
PIT NB3,PIT,3,-3.680642,56.680561,297132.9749,755574.5261,153.375092
PIT NB4,PIT,4,-3.679939,56.680661,297176.3126,755584.5997,160.187317
PIT NB5,PIT,5,-3.680014,56.681039,297172.7495,755626.7815,164.775665
PIT NB6,PIT,6,-3.680235,56.681378,297160.1364,755664.842,164.911102
PIT NB7,PIT,7,-3.680816,56.681482,297124.8297,755677.2893,160.619095
PIT NB8,PIT,8,-3.681195,56.681048,297100.4283,755629.5571,154.586151
PTH NB1,PTH,1,-3.475574,56.422791,309078.721,726596.4717,30.365891
PTH NB2,PTH,2,-3.47545,56.422496,309085.6646,726563.4758,21.384453
PTH NB3,PTH,3,-3.474991,56.422152,309113.154,726524.5832,17.258257
PTH NB4,PTH,4,-3.474537,56.422937,309143.0308,726611.3482,27.688374
PTH NB5,PTH,5,-3.474072,56.422878,309171.5707,726604.1667,24.525951
PTH NB6,PTH,6,-3.473931,56.422618,309179.647,726575.0438,20.889427
PTH NB7,PTH,7,-3.476277,56.422628,309034.971,726579.2617,32.170647
PTH NB8,PTH,8,-3.475876,56.422424,309059.217,726556.0267,21.556961
RSY NB1,RSY,1,-3.413735,56.022253,311978.3273,681939.7552,52.418255
RSY NB2,RSY,2,-3.412988,56.022163,312024.6804,681928.7864,57.78096
RSY NB3,RSY,3,-3.41229,56.021896,312067.577,681898.1827,57.962105
RSY NB4,RSY,4,-3.412545,56.0224,312052.8307,681954.597,59.287548
RSY NB5,RSY,5,-3.413409,56.023129,312000.6409,682036.8279,58.926315
RSY NB6,RSY,6,-3.413909,56.022549,311968.1568,681972.9185,51.577194
RSY NB7,RSY,7,-3.413746,56.02347,311980.414,682075.2071,59.487885
RSY NB8,RSY,8,-3.414314,56.023216,311944.4347,682047.6646,51.574829
SER NB1,SER,1,-3.397757,56.352774,313720.0595,718703.6339,3.367073
SER NB2,SER,2,-3.397056,56.351892,313761.3833,718604.5926,-3.183952
SER NB3,SER,3,-3.396713,56.351283,313781.2029,718536.384,-1.529722
SER NB4,SER,4,-3.396496,56.350613,313793.0991,718461.5447,0.677231
SER NB5,SER,5,-3.396321,56.3502,313802.9807,718415.3607,1.497421
SER NB6,SER,6,-3.394912,56.350365,313890.4256,718431.958,2.027275
SER NB7,SER,7,-3.398494,56.353533,313676.2349,718789.0317,4.786861
SER NB8,SER,8,-3.39756,56.353623,313734.1521,718797.8754,2.98675
STY NB1,STY,1,-3.475327,56.475852,309220.7324,732501.5367,29.21191
STY NB2,STY,2,-3.47476,56.476277,309256.6711,732548.0872,33.063946
STY NB3,STY,3,-3.474702,56.47664,309261.1107,732588.4105,37.846786
STY NB4,STY,4,-3.474527,56.477097,309272.981,732639.0409,42.610657
STY NB5,STY,5,-3.474375,56.477518,309283.3484,732685.6952,48.410645
STY NB6,STY,6,-3.474132,56.478183,309299.903,732759.3851,53.650703
STY NB7,STY,7,-3.474073,56.478573,309304.4681,732802.7121,58.523613
STY NB8,STY,8,-3.47469,56.478506,309266.3077,732796.0709,53.601181
ALN NB1,ALN,1,-4.29398,57.69341,263358.4569,869379.0865,52.10577011
ALN NB2,ALN,2,-4.293848,57.693739,263367.5597,869415.4358,49.044807
ALN NB3,ALN,3,-4.2935025,57.6940525,263389.3308,869449.629,51.929255
ALN NB4,ALN,4,-4.2946475,57.69329,263318.2215,869367.0789,48.8122465
ALN NB5,ALN,5,-4.29476,57.69372,263313.1416,869415.1615,56.67374039
ALN NB6,ALN,6,-4.294735,57.694034,263315.8117,869450.0573,55.828827
ALN NB7,ALN,7,-4.295498,57.69424,263271.1184,869474.5241,57.700157
ALN NB8,ALN,8,-4.295384,57.693869,263276.5131,869433.0043,61.199429
ART NB1,ART,1,-4.307308,57.508974,261865.7978,848880.0077,62.654552
ART NB2,ART,2,-4.30798,57.508708,261824.5403,848851.773,62.76783
ART NB3,ART,3,-4.30865,57.50882,261784.8361,848865.6017,55.01023102
ART NB4,ART,4,-4.30869,57.509209,261783.909,848908.9751,57.8869495
ART NB5,ART,5,-4.308758,57.50952,261781.0132,848943.7247,59.086895
ART NB6,ART,6,-4.30816,57.509584,261817.0735,848949.6292,70.883568
ART NB7,ART,7,-4.308433,57.509898,261801.9101,848985.1301,60.398163
ART NB8,ART,8,-4.308751,57.510194,261783.9836,849018.7196,57.503651
AVI NB1,AVI,1,-3.837655,57.185635,289026.32,812033.2593,222.505432
AVI NB2,AVI,2,-3.838089,57.186033,289001.2865,812078.2635,225.41954
AVI NB3,AVI,3,-3.838853,57.186323,288955.9864,812111.7857,231.274307
AVI NB4,AVI,4,-3.839277,57.186636,288931.3032,812147.3137,233.289032
AVI NB5,AVI,5,-3.839601,57.187092,288913.0932,812198.5943,230.379166
AVI NB6,AVI,6,-3.839837,57.187541,288900.1807,812248.9523,231.03273
AVI NB7,AVI,7,-3.836436,57.185299,289098.9813,811993.877,214.924683
AVI NB8,AVI,8,-3.837188,57.185245,289053.3724,811989.0919,226.477142
AVN NB4,AVN,4,-3.8242075,57.210441,289912.9298,814772.303,220.628639
AVN NB5,AVN,5,-3.82434,57.21088,289906.2396,814821.3772,236.8281097
AVN NB6,AVN,6,-3.82357,57.211,289953.0997,814833.488,235.2462616
AVN NB7,AVN,7,-3.824397,57.210108,289900.4926,814735.5469,218.603699
AVN NB8,AVN,8,-3.823501,57.2106,289956.0716,814788.8572,229.12001
CAR NB1,CAR,1,-3.79371,57.28972,291987.235,823547.1855,257.7892761
CAR NB2,CAR,2,-3.794126,57.289376,291961.1522,823509.559,252.848236
CAR NB3,CAR,3,-3.794657,57.289061,291928.227,823475.3428,244.381622
CAR NB4,CAR,4,-3.793601,57.289031,291991.7795,823470.3262,247.5829775
CAR NB5,CAR,5,-3.7930745,57.289358,292024.4682,823505.8857,247.6238635
CAR NB6,CAR,6,-3.79254,57.289443,292056.929,823514.4978,249.7589645
DEL NB1,DEL,1,-4.126328,57.724112,273457.1586,872470.2159,21.264305
DEL NB2,DEL,2,-4.126594,57.723717,273439.9387,872426.7502,19.824564
DEL NB3,DEL,3,-4.126688,57.723363,273433.104,872387.5263,20.660639
DEL NB4,DEL,4,-4.126216,57.72304,273460.0823,872350.6944,21.090429
DEL NB5,DEL,5,-4.125349,57.724039,273515.2005,872460.2612,22.237312
DEL NB6,DEL,6,-4.124555,57.724316,273563.4483,872489.6075,22.202158
DEL NB7,DEL,7,-4.124108,57.724449,273590.53,872503.5754,20.71632
DEL NB8,DEL,8,-4.123463,57.724558,273629.318,872514.5025,22.294186
DOR NB1,DOR,1,-4.078602,57.886652,276854.8439,890472.9079,24.586033
DOR NB2,DOR,2,-4.0779,57.886258,276895.1111,890427.7754,22.864401
DOR NB3,DOR,3,-4.077166,57.885481,276935.9665,890339.9562,23.168344
DOR NB4,DOR,4,-4.077267,57.884895,276927.975,890274.9169,22.982185
DOR NB5,DOR,5,-4.077268,57.884463,276926.4384,890226.836,21.972582
DOR NB6,DOR,6,-4.076939,57.884022,276944.4351,890177.1523,20.568308
FOU NB1,FOU,1,-4.35265,57.63943,259653.4892,863491.5424,21.04122353
FOU NB2,FOU,2,-4.35226,57.63968,259677.7308,863518.5571,20.31614113
FOU NB3,FOU,3,-4.353495,57.639583,259603.6451,863510.3208,20.232443
FOU NB4,FOU,4,-4.352979,57.639865,259635.5306,863540.6355,18.479849
FOU NB5,FOU,5,-4.353916,57.639881,259579.6706,863544.3577,24.428854
FOU NB6,FOU,6,-4.352361,57.640101,259673.3254,863565.6198,17.152534
FOU NB7,FOU,7,-4.354644,57.640106,259537.0922,863570.907,26.850986
FOU NB8,FOU,8,-4.355182,57.640264,259505.5946,863589.6063,31.344728
FSH NB1,FSH,1,-3.900996,57.118029,284988.5586,804613.9846,224.298767
FSH NB2,FSH,2,-3.901625,57.117884,284950.0267,804598.9085,232.812317
FSH NB3,FSH,3,-3.901015,57.117217,284984.889,804523.6446,232.329819
FSH NB4,FSH,4,-3.900361,57.117033,285023.9146,804502.0626,240.773209
FSH NB5,FSH,5,-3.899639,57.116368,285065.5665,804426.833,232.887894
FSH NB6,FSH,6,-3.899028,57.115975,285101.3423,804382.0635,230.963135
FSH NB7,FSH,7,-3.901197,57.118396,284977.5281,804655.1693,220.44899
FSH NB8,FSH,8,-3.901411,57.118662,284965.3974,804685.1352,230.081573
HWP NB1,HWP,1,-3.964294,57.109371,281128.5461,803759.0148,221.897507
HWP NB2,HWP,2,-3.964976,57.109363,281087.2208,803759.3142,226.57901
HWP NB3,HWP,3,-3.965576,57.109532,281051.4288,803779.1699,234.683304
HWP NB4,HWP,4,-3.966067,57.109573,281021.8271,803784.59,233.523636
HWP NB5,HWP,5,-3.9655,57.108528,281052.81,803667.27,232.8149
HWP NB6,HWP,6,-3.966397,57.108329,280997.8515,803646.7168,232.516373
HWP NB7,HWP,7,-3.966888,57.108057,280967.2442,803617.3024,230.985687
HWP NB9,HWP,9,-3.964354,57.108957,281123.5856,803713.0438,229.066193
INS NB1,INS,1,-3.9985305,57.0713485,278931.3198,799587.6312,235.139328
INS NB2,INS,2,-3.998722,57.071774,278921.0987,799635.3261,235.854492
INS NB3,INS,3,-3.9989,57.072181,278911.6359,799680.9382,241.878311
INS NB4,INS,4,-3.999167,57.072496,278896.4785,799716.4695,244.363327
INS NB5,INS,5,-3.999922,57.072832,278851.8092,799755.2049,238.751877
INS NB6,INS,6,-4.000615,57.072953,278810.1973,799769.9029,240.432358
INS NB7,INS,7,-4.001163,57.072903,278776.8168,799765.3125,235.508133
INS NB8,INS,8,-4.000815,57.073242,278799.0175,799802.4219,241.064606
MUN NB2,MUN,2,-4.278693,57.552588,263742.738,853675.9507,51.445526
MUN NB3,MUN,3,-4.280189,57.552722,263653.739,853693.8705,49.397522
MUN NB4,MUN,4,-4.280713,57.552933,263623.1794,853718.4065,49.621922
MUN NB5,MUN,5,-4.2812,57.553057,263594.5082,853733.186,42.736691
MUN NB6,MUN,6,-4.281863,57.553055,263554.8364,853734.2972,51.642746
MUN NB7,MUN,7,-4.282392,57.55293,263522.7208,853721.4502,53.413136
MUN NB8,MUN,8,-4.280432,57.552181,263637.1777,853634.1505,44.720993
OSP NB1,OSP,1,-4.172039,57.876745,271280.4837,889544.3894,10.892678
OSP NB2,OSP,2,-4.172585,57.876707,271247.9725,889541.2002,12.45343
OSP NB3,OSP,3,-4.173095,57.8769705,271218.6744,889571.4994,18.293862
OSP NB4,OSP,4,-4.173802,57.877291,271177.8997,889608.5185,25.329117
OSP NB5,OSP,5,-4.174091,57.87753,271161.619,889635.67,33.017658
OSP NB6,OSP,6,-4.174773,57.877391,271120.6828,889621.4999,23.970736
OSP NB7,OSP,7,-4.174512,57.877868,271137.8661,889674.092,24.604313
OSP NB8,OSP,8,-4.174981,57.878209,271111.2783,889712.9396,27.959541
RTH NB1,RTH,1,-3.854077,57.145936,287913.6782,807641.74,213.689865
RTH NB2,RTH,2,-3.85369,57.146226,287937.9688,807673.3795,220.273407
RTH NB3,RTH,3,-3.85297,57.14654,287982.4809,807707.1423,225.3931732
RTH NB4,RTH,4,-3.85312,57.146922,287974.5585,807749.9049,216.387726
SLS NB1,SLS,1,-3.920823,57.295144,284343.9764,824359.9011,379.080505
SLS NB2,SLS,2,-3.92124,57.29557,284320.1925,824408.0228,369.255188
SLS NB3,SLS,3,-3.92163,57.296226,284298.7519,824481.6981,382.249817
SLS NB4,SLS,4,-3.922106,57.297005,284272.5206,824569.209,379.119781
SLS NB5,SLS,5,-3.922704,57.297573,284238.2767,824633.444,376.290436
SLS NB6,SLS,6,-3.923212,57.297925,284208.7769,824673.4857,381.364197
SLS NB7,SLS,7,-3.920489,57.294915,284363.3819,824333.8459,377.362854
SLS NB8,SLS,8,-3.920206,57.294608,284379.4698,824299.1963,374.517761
SPD NB1,SPD,1,-4.264636,57.871697,265771.1613,889162.7098,82.518028
SPD NB2,SPD,2,-4.263326,57.871384,265847.681,889125.2728,73.589058
SPD NB3,SPD,3,-4.262609,57.871179,265889.4375,889101.0339,67.549576
SPD NB4,SPD,4,-4.261849,57.871189,265934.545,889100.6389,72.04892
SPD NB5,SPD,5,-4.261019,57.8711505,265983.6232,889094.7078,65.238909
SPD NB6,SPD,6,-4.260458,57.871228,266017.1806,889102.2209,242.004761
SPD NB8,SPD,8,-4.265803,57.871279,265700.3967,889118.5065,65.049683
TAI NB1,TAI,1,-4.042827,57.795652,278669.7319,880279.6978,32.169998
TAI NB2,TAI,2,-4.042111,57.795657,278712.3013,880278.9701,26.779186
TAI NB3,TAI,3,-4.042452,57.795915,278692.9019,880308.2976,29.817841
TAI NB4,TAI,4,-4.042859,57.79631,278670.0408,880352.9921,28.566456
TAI NB5,TAI,5,-4.04353,57.79656,278631.0071,880382.0212,29.26976776
TAI NB6,TAI,6,-4.042116,57.796686,278715.4601,880393.5091,28.45834
TOM NB1,TOM,1,-3.98337,57.32414,280669.3776,827695.152,316.3253479
TOM NB2,TOM,2,-3.982999,57.324508,280692.9042,827735.4585,311.789581
TOM NB3,TOM,3,-3.982703,57.324897,280711.9866,827778.2335,316.293152
TOM NB4,TOM,4,-3.98242,57.325299,280730.3282,827822.4782,311.520691
TOM NB5,TOM,5,-3.981936,57.325623,280760.5172,827857.6893,315.789124
TOM NB6,TOM,6,-3.981659,57.325983,280778.3606,827897.2704,319.560577
TOM NB7,TOM,7,-3.981613,57.326255,280782.0117,827927.4624,318.091614
TOM NB8,TOM,8,-3.981706,57.326606,280777.5509,827966.6906,314.621979
